species,gulch,plant_number,population_number,life_stage,size_in,vigor,degree_surrounded,dominant_bryophyte,notes
Cyrtandra_wainihaensis,2,3,1,adult,36,3,1,RICSPP/ TAXMUN,N/a
Cyrtandra_wainihaensis,2,4,1,adult,48,4,2,THUCYM,2 heads
Cyrtandra_wainihaensis,2,11,2,adult,24,4,1,THUCYM,N/a
Cyrtandra_wainihaensis,2,13,2,adult,36,4,3,DUNHIR,On soil
Cyrtandra_wainihaensis,2,21,2,adult,36,4,2,LL,creeping thuidium
Cyrtandra_wainihaensis,2,22,2,adult,30,4,1,LL,N/a
Cyrtandra_wainihaensis,2,23,2,adult,24,4,4,TAXMUN,N/a
Cyrtandra_wainihaensis,2,24,2,adult,18,4,1,RICSPP,N/a
Cyrtandra_wainihaensis,2,25,2,adult,24,4,0,NM,N/a
Cyrtandra_wainihaensis,2,26,2,adult,18,4,1,THUCYM,creeping thuidium
Cyrtandra_wainihaensis,2,55,3b,adult,12,4,4,THUCYM,N/a
Cyrtandra_wainihaensis,2,58,3b,adult,36,4,2,TAXMUN,N/a
Cyrtandra_wainihaensis,2,59,3b,adult,48,3,2,THUCYM,N/a
Cyrtandra_wainihaensis,2,61,3b,adult,30,3,2,THUCYM,rooting into many places- reaching 2 moss
Cyrtandra_wainihaensis,2,93,3e,adult,48,4,3,THUCYM,N/a
Cyrtandra_wainihaensis,2,94,3e,adult,54,3,2,THUCYM,"roots hanging down into water, on small waterfall"
Cyrtandra_wainihaensis,2,95,3e,adult,48,4,3,PLAROS,next to small waterfall
Cyrtandra_wainihaensis,2,98,3e,adult,36,2,1,THUCYM,on soil
Cyrtandra_wainihaensis,2,107,3,adult,42,3,1,CLASPP,N/a
Cyrtandra_wainihaensis,2,111,4,adult,30,3,1,FOLIO,on vertical rock wall
Cyrtandra_wainihaensis,2,126,4,adult,42,4,4,RACCUS,above all the seedlings
Cyrtandra_wainihaensis,2,136,5,adult,36,4,1,FOLIO,N/a
Cyrtandra_wainihaensis,2,140,6,adult,36,4,4,THUCYM,on rock 
Cyrtandra_wainihaensis,2,141,6,adult,30,3,3,PLAROS,on rocky slope
Cyrtandra_wainihaensis,2,142,6,adult,18,3,4,THUCYM,on rock
Cyrtandra_wainihaensis,2,147,7,adult,54,4,4,THUCYM,in stream on rocks
Cyrtandra_wainihaensis,2,148,7,adult,42,4,4,THUCYM,"many roots growing into water in stream, on rocks"
Cyrtandra_wainihaensis,2,150,8,adult,30,4,4,THUCYM,"hanging off, stem and roots covered, on rock, bushy thucym"
Cyrtandra_wainihaensis,2,154,8,adult,30,4,1,TAXMUN,N/a
Cyrtandra_wainihaensis,2,155,8,adult,48,4,3,FLOFLO,edge of stream
Cyrtandra_wainihaensis,2,162,9,adult,48,4,2,TAXMUN,flowering
Cyrtandra_wainihaensis,2,182,9a,adult,48,4,3,PLAROS,fruiting
Cyrtandra_wainihaensis,2,193,9a,adult,72,4,4,THUCYM,fruiting
Cyrtandra_wainihaensis,2,204,9a,adult,60,4,4,FLOFLO,creeping thucym
Cyrtandra_wainihaensis,2,205,8,adult,30,4,1,THUCYM,fruiting
Cyrtandra_wainihaensis,2,206,10,adult,48,4,0,NM,fruiting
Cyrtandra_wainihaensis,2,209,10,adult,48,4,2,FLOFLO,"fruiting, creeping thucym"
Cyrtandra_wainihaensis,2,214,10,adult,24,3,4,DUMHHIR,creeping thucym
Cyrtandra_wainihaensis,2,215,10,adult,36,3,1,TAXMUN,fruiting
Cyrtandra_wainihaensis,2,217,10,adult,30,3,0,NM,N/a
Cyrtandra_wainihaensis,2,219,11,adult,60,4,4,FLOFLO,fruiting
Cyrtandra_wainihaensis,2,220,11,adult,48,4,1,THUCYM,creeping thucym
Cyrtandra_wainihaensis,2,221,12,adult,48,4,1,DUMHIR,N/a
Cyrtandra_wainihaensis,2,222,12,adult,60,4,2,FLOFLO,N/a
Cyrtandra_wainihaensis,2,223,12,adult,36,3,3,FLOFLO,"bushy thucym, looks like it broke off at some point"
Cyrtandra_wainihaensis,2,224,12,adult,30,3,2,THUCYM,side of stream
Cyrtandra_wainihaensis,2,226,12,adult,54,4,4,FOLIO,flowering
Cyrtandra_wainihaensis,2,227,13,adult,36,4,4,THUCYM,bushy thucym
Cyrtandra_wainihaensis,2,229,13,adult,30,4,4,DUMHUR,flowering
Pipturus_kauaiensis,2,3,2,adult,66,4,2,THUCYM,"rooted in multiple places, some covered"
Pipturus_kauaiensis,2,4,3,adult,144,4,4,THUCYM,"base of waterfall, branching in multiple places"
Pipturus_kauaiensis,2,5,3,adult,180,3,4,THUCYM,N/a
Pipturus_kauaiensis,2,11,4,adult,144,4,2,RICSPP/ HYPUNK,broken at base but okay
Pipturus_kauaiensis,2,12,4,adult,144,4,4,THUCYM,N/a
Touchardia_latifolia,2,1,1,adult,72,4,2,THUCYM,"many roots, tall roots, next to fast flowing water"
Touchardia_latifolia,2,2,1,adult,144,4,4,FLOFLO,"might be 2 plants but don't want to stomp around the middle, branching and rooting everywhere"
Touchardia_latifolia,2,3,1,adult,240,4,3,THUCYM/ FLOFLO,very branchy
Touchardia_latifolia,2,4,1,adult,48,4,1,THUCYM,"female, too shady, 4-6 maybe have all been one but split"
Touchardia_latifolia,2,5,1,adult,84,4,4,THUCYM,4-6 maybe have all been one but split
Touchardia_latifolia,2,6,1,adult,72,4,1,FLOFLO,"A lot of LL, 4-6 maybe have all been one but split"
Boehmeria_grandis,2,1,1,adult,84,4,4,THUCYM,very branchy
Boehmeria_grandis,2,2,1,adult,120,3,1,THUCYM,"is being grown into by ginger and shaded out, also looks like it got uprooted so maybe had more moss at one point"
Cyanea_spp,2,1,1,adult,72,3,0,NM,inundated by ginger
Cyrtandra_confertiflora,2,1,1,adult,30,4,4,THUCYM,"thucym bushy and creeping, flowering and new growth at base, under thucym patch"
Cyrtandra_confertiflora,2,2,2,adult,30,4,3,RICSPP/ FOLIO,"flowering, dense but short, roots above, creeping thucym"
Cyrtandra_confertiflora,2,3,2,adult,36,4,4,FOLIO,"branching at base, bushy thucym"
Cyrtandra_confertiflora,2,5,3,adult,48,4,4,THUCYM,"very  branch and big, flowering, rooting in pany places"
Cyrtandra_confertiflora,2,7,4,adult,72,4,4,FLOFLO,flowering
Cyrtandra_confertiflora,2,9,4,adult,30,4,4,FLOFLO,flowering
Cyrtandra_confertiflora,2,11,4,adult,24,3,4,THUCYM,"bushy thucym, branching at base on rock"
Cyrtandra_confertiflora,2,12,4,adult,36,3,4,THUCYM/ FLOFLO,N/a
Cyrtandra_confertiflora,2,13,4,adult,42,2,4,THUCYM/ FLOFLO,N/a
Cyrtandra_confertiflora,2,14,4,adult,36,4,0,NM,"in stream on fallen log, running water, flowering"
Cyrtandra_wainihaensis,2,1,1,juvenile,12,4,4,PLASPP,"Short mat, totally surrounded, roots not exposed"
Cyrtandra_wainihaensis,2,2,1,juvenile,6,4,4,PLAROS/ FOLIO,N/a
Cyrtandra_wainihaensis,2,7,1,juvenile,24,4,1,THUCYM,N/a
Cyrtandra_wainihaensis,2,10,2,juvenile,18,4,0,NM,"water trickling down, no moss"
Cyrtandra_wainihaensis,2,12,2,juvenile,30,4,1,FISSPP,Laying down/ fell down
Cyrtandra_wainihaensis,2,28,2,juvenile,7,4,1,FOLIO,N/a
Cyrtandra_wainihaensis,2,31,2,juvenile,24,4,0,NM,N/a
Cyrtandra_wainihaensis,2,33,2,juvenile,n/a,3,1,FISSPP,N/a
Cyrtandra_wainihaensis,2,43,3b,juvenile,12,2,2,THUCYM,higher upstream from previous
Cyrtandra_wainihaensis,2,44,3b,juvenile,6,3,3,THUCYM,N/a
Cyrtandra_wainihaensis,2,52,3b,juvenile,24,3,3,FISSPP,creeping thuidium
Cyrtandra_wainihaensis,2,54,3b,juvenile,18,3,2,PLASPP,N/a
Cyrtandra_wainihaensis,2,57,3b,juvenile,24,4,4,THUCYM,N/a
Cyrtandra_wainihaensis,2,62,3b,juvenile,24,4,4,PLASPP,rooting multiple places + into water & algae
Cyrtandra_wainihaensis,2,63,3b,juvenile,18,4,2,PLASPP,N/a
Cyrtandra_wainihaensis,2,64,3c,juvenile,30,4,3,THUCYM,"overhang, dead thucym present"
Cyrtandra_wainihaensis,2,65,3c,juvenile,24,4,1,CLASPP,"bamboo side, rocks"
Cyrtandra_wainihaensis,2,66,3c,juvenile,18,4,0,NM,N/a
Cyrtandra_wainihaensis,2,68,3c,juvenile,30,3,3,RICSPP,On rock below 66
Cyrtandra_wainihaensis,2,96,3e,juvenile,18,4,0,NM,on guava and debris 
Cyrtandra_wainihaensis,2,97,3e,juvenile,24,4,1,FLOFLO,on rocks and debris in running water
Cyrtandra_wainihaensis,2,106,3,juvenile,10,4,2,FOLIO,below thudium patch 
Cyrtandra_wainihaensis,2,108,3,juvenile,8,4,4,FOLIO,N/a
Cyrtandra_wainihaensis,2,110,4,juvenile,12,3,1,RICSPP,barely hanging on in stream
Cyrtandra_wainihaensis,2,127,5,juvenile,18,4,2,TAXMUN,N/a
Cyrtandra_wainihaensis,2,128,5,juvenile,18,4,3,THUCYM,creeping thucym
Cyrtandra_wainihaensis,2,129,5,juvenile,30,4,1,RICSPP,N/a
Cyrtandra_wainihaensis,2,130,5,juvenile,24,3,2,RICSPP,creeping thucym
Cyrtandra_wainihaensis,2,134,5,juvenile,12,4,2,THUCYM,creeping thucym
Cyrtandra_wainihaensis,2,137,5,juvenile,10,4,1,FOLIO,N/a
Cyrtandra_wainihaensis,2,144,alone,juvenile,12,3,1,THUCYM,"creeping thucym, rock slope, on gravel"
Cyrtandra_wainihaensis,2,145,7,juvenile,18,4,2,THUCYM,creeping thucym
Cyrtandra_wainihaensis,2,146,7,juvenile,12,4,3,THUCYM,creeping thucym
Cyrtandra_wainihaensis,2,149,8,juvenile,10,1,4,THUCYM,"bushy thucym, looks like it fell over adn got stepped on"
Cyrtandra_wainihaensis,2,151,8,juvenile,12,3,4,CLASPP,below thucym patch
Cyrtandra_wainihaensis,2,152,8,juvenile,n/a,4,0,NM,"near thucym, undercut of rock"
Cyrtandra_wainihaensis,2,158,8,juvenile,24,3,4,TAXMUN,creeping thucym
Cyrtandra_wainihaensis,2,161,9,juvenile,24,4,0,NM,N/a
Cyrtandra_wainihaensis,2,163,9,juvenile,24,4,4,DUMHIR,N/a
Cyrtandra_wainihaensis,2,165,9,juvenile,18,4,3,DUMHIR,N/a
Cyrtandra_wainihaensis,2,170,9,juvenile,12,4,4,TAXMUN,N/a
Cyrtandra_wainihaensis,2,181,9,juvenile,18,4,2,TAXMUN,N/a
Cyrtandra_wainihaensis,2,194,9a,juvenile,6,4,4,CLASPP,on rock
Cyrtandra_wainihaensis,2,194a,9a,juvenile,3,4,4,CLASPP,on rock
Cyrtandra_wainihaensis,2,207,10,juvenile,18,4,0,NM,N/a
Cyrtandra_wainihaensis,2,210,10,juvenile,7,4,4,DUMHIR,N/a
Cyrtandra_wainihaensis,2,225,12,juvenile,24,4,0,NM,N/a
Cyrtandra_wainihaensis,2,228,13,juvenile,10,2,3,DUMHUR,N/a
Pipturus_kauaiensis,2,1,1,juvenile,54,3,3,THUCYM,"bushy thucym, starting to lean off rock"
Pipturus_kauaiensis,2,2,1,juvenile,36,3,3,THUCYM,"bushy thucym, off to side on rock"
Pipturus_kauaiensis,2,7,3,juvenile,60,3,4,THUCYM,N/a
Pipturus_kauaiensis,2,10,4,juvenile,48,4,4,PLAROS,N/a
Psychotria_mariniana,2,4,1,juvenile,15,4,4,PLAROS,"bushy thucym, growing sideways, branching, 24 leaves, spash zone"
Cyrtandra_confertiflora,2,4,3,juvenile,18,3,2,LL,looks like branch that broke off and rooted
Cyrtandra_confertiflora,2,6,3,juvenile,30,3,2,RICSPP,"rooting in many places, no flowers"
Cyrtandra_confertiflora,2,8,4,juvenile,37,3,4,RICSPP,N/a
Cyrtandra_confertiflora,2,10,4,juvenile,18,4,4,THUCYM,on rock
Cyrtandra_wainihaensis,2,5,1,adult,60,4,2,THUCYM,N/a
Cyrtandra_wainihaensis,2,6,1,adult,72,4,3,NM,N/a
Cyrtandra_wainihaensis,2,8,1,adult,42,4,4,THUCYM,many branches
Cyrtandra_wainihaensis,2,56,3b,adult,48,3,2,THUCYM,N/a
Cyrtandra_wainihaensis,2,60,3b,adult,36,3,4,THUCYM,"roots/ base very large, not covered ath this spot "
Cyrtandra_wainihaensis,2,153,8,seedling,n/a,3,1,FISSPP,N/a
Cyrtandra_wainihaensis,2,9,2,seedling,5,4,0,NM,"on soil on wall, no moss"
Cyrtandra_wainihaensis,2,14,2,seedling,3.5,4,1,RICSPP,On soil
Cyrtandra_wainihaensis,2,15,2,seedling,1,4,1,FISSPP,Poop next to it lol
Cyrtandra_wainihaensis,2,16,2,seedling,0.25,4,0,NM,N/a
Cyrtandra_wainihaensis,2,17,2,seedling,2,4,2,TAXMUN,DISFRE next to it
Cyrtandra_wainihaensis,2,18,2,seedling,0.5,4,2,RICSPP,in crack 
Cyrtandra_wainihaensis,2,19,2,seedling,3,4,2,TAXMUN,looks like had more but tipped over
Cyrtandra_wainihaensis,2,20,2,seedling,0.5,4,4,RICSPP,still has cotyledons
Cyrtandra_wainihaensis,2,27,2,seedling,2,4,0,NM,N/a
Cyrtandra_wainihaensis,2,29,2,seedling,5,4,0,NM,N/a
Cyrtandra_wainihaensis,2,30,2,seedling,0.1,4,0,NM,N/a
Cyrtandra_wainihaensis,2,32,2,seedling,3,4,4,THUCYM,bushy thuidium
Cyrtandra_wainihaensis,2,34,3a,seedling,0.5,2,2,DUMHIR,N/a
Cyrtandra_wainihaensis,2,35,3a,seedling,0.5,3,3,DUMHIR,N/a
Cyrtandra_wainihaensis,2,36,3a,seedling,0.25,4,4,RICSPP,N/a
Cyrtandra_wainihaensis,2,37,3a,seedling,0.5,0,0,NM,N/a
Cyrtandra_wainihaensis,2,38,3a,seedling,2,0,0,NM,looks like area is very crumbly
Cyrtandra_wainihaensis,2,39,3a,seedling,0.5,4,4,THUCYM,N/a
Cyrtandra_wainihaensis,2,40,3a,seedling,0.25,4,4,FISSPP,N/a
Cyrtandra_wainihaensis,2,41,3a,seedling,3,1,1,FLOFLO,N/a
Cyrtandra_wainihaensis,2,42,3a,seedling,1,4,4,DUMHIR,N/a
Cyrtandra_wainihaensis,2,45,3b,seedling,0.25,4,4,FISSPP,N/a
Cyrtandra_wainihaensis,2,46,3b,seedling,0.25,4,4,FISSPP,creeping thuidium
Cyrtandra_wainihaensis,2,47,3b,seedling,0.5,4,4,CLASPP,N/a
Cyrtandra_wainihaensis,2,48,3b,seedling,1,4,4,THUCYM,N/a
Cyrtandra_wainihaensis,2,49,3b,seedling,2,4,4,FISSPP,N/a
Cyrtandra_wainihaensis,2,50,3b,seedling,1,4,4,FISSPP,N/a
Cyrtandra_wainihaensis,2,51,3b,seedling,1,4,4,FISSPP,N/a
Cyrtandra_wainihaensis,2,67,3c,seedling,0.5,4,0,NM,N/a
Cyrtandra_wainihaensis,2,69,3d,seedling,0.25,4,3,FLOFLO,N/a
Cyrtandra_wainihaensis,2,70,3d,seedling,0.25,4,4,RICSPP,N/a
Cyrtandra_wainihaensis,2,71,3d,seedling,2,n/a,4,FISSPP,Fisspp under thucym
Cyrtandra_wainihaensis,2,72,3d,seedling,0.5,n/a,4,THUCYM,N/a
Cyrtandra_wainihaensis,2,73,3d,seedling,0.5,4,4,RICSPP,N/a
Cyrtandra_wainihaensis,2,74,3d,seedling,3,4,2,THUCYM,N/a
Cyrtandra_wainihaensis,2,75,3d,seedling,1.5,4,4,THUCYM,N/a
Cyrtandra_wainihaensis,2,76,3d,seedling,1,4,4,THUCYM,N/a
Cyrtandra_wainihaensis,2,77,3d,seedling,1,4,1,FLOFLO,N/a
Cyrtandra_wainihaensis,2,78,3d,seedling,3,4,2,THUCYM,N/a
Cyrtandra_wainihaensis,2,79,3d,seedling,3.5,4,4,DUMHIR,N/a
Cyrtandra_wainihaensis,2,80,3d,seedling,0.5,4,4,DUMHIR,N/a
Cyrtandra_wainihaensis,2,81,3d,seedling,0.5,4,4,DUMHIR,N/a
Cyrtandra_wainihaensis,2,82,3d,seedling,0.5,4,4,DUMHIR,N/a
Cyrtandra_wainihaensis,2,83,3d,seedling,0.5,4,4,RICSPP,N/a
Cyrtandra_wainihaensis,2,84,3d,seedling,0.5,4,3,DUMHIR,N/a
Cyrtandra_wainihaensis,2,85,3d,seedling,0.25,4,4,DUMHIR,N/a
Cyrtandra_wainihaensis,2,86,3d,seedling,0.25,4,4,DUMHIR,N/a
Cyrtandra_wainihaensis,2,87,3d,seedling,0.25,4,4,FISSPP,N/a
Cyrtandra_wainihaensis,2,88,3d,seedling,0.5,4,0,NM,N/a
Cyrtandra_wainihaensis,2,89,3d,seedling,2.5,4,4,DUMHIR,N/a
Cyrtandra_wainihaensis,2,90,3d,seedling,1,4,1,TAXMUN,N/a
Cyrtandra_wainihaensis,2,91,3e,seedling,3,4,4,THUCYM,"below larger ones on rocks, next to each other"
Cyrtandra_wainihaensis,2,92,3e,seedling,1.5,4,4,FOLIO,"below larger ones on rocks, next to each other"
Cyrtandra_wainihaensis,2,99,3e,seedling,3,4,0,NM,on soil
Cyrtandra_wainihaensis,2,100,3e,seedling,0.5,4,4,RICSPP,on soil
Cyrtandra_wainihaensis,2,101,3e,seedling,0.5,4,4,RICSPP,on soil
Cyrtandra_wainihaensis,2,102,3e,seedling,0.25,4,2,RICSPP,on soil
Cyrtandra_wainihaensis,2,109,n/a,seedling,5,4,0,NM,N/a
Cyrtandra_wainihaensis,2,112,4,seedling,2,n/a,1,FOLIO,N/a
Cyrtandra_wainihaensis,2,113,4,seedling,0.25,3,0,NM,N/a
Cyrtandra_wainihaensis,2,114,4,seedling,0.5,2,1,FOLIO,N/a
Cyrtandra_wainihaensis,2,115,4,seedling,0.25,4,0,NM,"on wall, soil seems to be disturbed often"
Cyrtandra_wainihaensis,2,116,4,seedling,0.25,4,0,NM,"on wall, soil seems to be disturbed often"
Cyrtandra_wainihaensis,2,117,4,seedling,0.25,4,0,NM,"on wall, soil seems to be disturbed often"
Cyrtandra_wainihaensis,2,118,4,seedling,0.25,4,0,NM,"on wall, soil seems to be disturbed often"
Cyrtandra_wainihaensis,2,119,4,seedling,0.25,4,0,NM,"on wall, soil seems to be disturbed often"
Cyrtandra_wainihaensis,2,120,4,seedling,0.25,4,0,NM,"on wall, soil seems to be disturbed often"
Cyrtandra_wainihaensis,2,121,4,seedling,0.25,4,0,NM,"on wall, soil seems to be disturbed often"
Cyrtandra_wainihaensis,2,122,4,seedling,0.25,4,0,NM,"on wall, soil seems to be disturbed often"
Cyrtandra_wainihaensis,2,123,4,seedling,0.25,4,0,NM,"on wall, soil seems to be disturbed often"
Cyrtandra_wainihaensis,2,124,4,seedling,0.25,4,0,NM,"on wall, soil seems to be disturbed often"
Cyrtandra_wainihaensis,2,125,4,seedling,0.25,4,0,NM,"on wall, soil seems to be disturbed often"
Cyrtandra_wainihaensis,2,131,5,seedling,0.5,4,2,RICSPP,N/a
Cyrtandra_wainihaensis,2,132,5,seedling,0.5,4,0,NM,N/a
Cyrtandra_wainihaensis,2,133,5,seedling,1,4,4,RICSPP,N/a
Cyrtandra_wainihaensis,2,135,5,seedling,0.25,4,4,FOLIO,N/a
Cyrtandra_wainihaensis,2,138,5,seedling,0.5,4,0,NM,N/a
Cyrtandra_wainihaensis,2,139,5,seedling,6,3,2,THUCYM,N/a
Cyrtandra_wainihaensis,2,143,alone,seedling,6,4,2,RACCUS,on bamboo slope of rock
Cyrtandra_wainihaensis,2,156,8,seedling,2,4,0,NM,N/a
Cyrtandra_wainihaensis,2,157,8,seedling,0.25,4,0,NM,N/a
Cyrtandra_wainihaensis,2,159,9,seedling,3,4,2,RICSPP,N/a
Cyrtandra_wainihaensis,2,160,9,seedling,8,4,4,RICSPP,N/a
Cyrtandra_wainihaensis,2,164,9,seedling,0.25,4,4,RICSPP,N/a
Cyrtandra_wainihaensis,2,166,9,seedling,0.25,4,4,RICSPP,N/a
Cyrtandra_wainihaensis,2,167,9,seedling,<0.25,4,4,TAXMUN,N/a
Cyrtandra_wainihaensis,2,169,9,seedling,1,4,1,TAXMUN,N/a
Cyrtandra_wainihaensis,2,171,9,seedling,9,4,4,TAXMUN,N/a
Cyrtandra_wainihaensis,2,172,9,seedling,0.25,4,4,TAXMUN,N/a
Cyrtandra_wainihaensis,2,173,9,seedling,0.25,4,0,NM,N/a
Cyrtandra_wainihaensis,2,174,9,seedling,"0,5",4,0,NM,N/a
Cyrtandra_wainihaensis,2,175,9,seedling,0.25,4,4,TAXMUN,N/a
Cyrtandra_wainihaensis,2,176,9,seedling,0.25,4,4,NM,N/a
Cyrtandra_wainihaensis,2,177,9,seedling,0.5,4,0,NM,N/a
Cyrtandra_wainihaensis,2,178,9,seedling,<0.25,4,0,NM,N/a
Cyrtandra_wainihaensis,2,179,9,seedling,0.25,4,4,DUMHIR,N/a
Cyrtandra_wainihaensis,2,180,9,seedling,0.5,4,4,TAXMUN,N/a
Cyrtandra_wainihaensis,2,183,9a,seedling,<0.25,4,0,NM,N/a
Cyrtandra_wainihaensis,2,184,9a,seedling,<0.25,4,4,PLASPP,N/a
Cyrtandra_wainihaensis,2,185,9a,seedling,<0.25,4,4,TAXMUN,N/a
Cyrtandra_wainihaensis,2,186,9a,seedling,<0.25,4,2,FOLIO,N/a
Cyrtandra_wainihaensis,2,187,9a,seedling,<0.25,4,2,TAXMUN,N/a
Cyrtandra_wainihaensis,2,188,9a,seedling,<0.25,4,0,NM,N/a
Cyrtandra_wainihaensis,2,189,9a,seedling,<0.25,4,0,NM,N/a
Cyrtandra_wainihaensis,2,190,9a,seedling,0.25,4,3,RICSPP,N/a
Cyrtandra_wainihaensis,2,191,9a,seedling,0.5,4,n/a,NM,N/a
Cyrtandra_wainihaensis,2,192,9a,seedling,2,4,4,FLOFLO,N/a
Cyrtandra_wainihaensis,2,195,9a,seedling,0.25,4,4,CLASPP,same rock 195-203
Cyrtandra_wainihaensis,2,196,9a,seedling,0.25,4,4,CLASPP,N/a
Cyrtandra_wainihaensis,2,197,9a,seedling,0.25,4,4,CLASPP,N/a
Cyrtandra_wainihaensis,2,198,9a,seedling,0.25,4,4,CLASPP,N/a
Cyrtandra_wainihaensis,2,199,9a,seedling,0.25,4,4,CLASPP,N/a
Cyrtandra_wainihaensis,2,200,9a,seedling,0.25,4,4,CLASPP,N/a
Cyrtandra_wainihaensis,2,201,9a,seedling,0.5,4,4,CLASPP,N/a
Cyrtandra_wainihaensis,2,202,9a,seedling,0.5,4,4,CLASPP,N/a
Cyrtandra_wainihaensis,2,203,9a,seedling,0.5,4,4,CLASPP,N/a
Cyrtandra_wainihaensis,2,208,10,seedling,3,4,3,DUMHIR,N/a
Cyrtandra_wainihaensis,2,211,10,seedling,5,4,3,FLOFLO,N/a
Cyrtandra_wainihaensis,2,212,10,seedling,1,4,4,THUCYM,bushy thucym
Cyrtandra_wainihaensis,2,213,10,seedling,0.25,4,4,FLOFLO,N/a
Cyrtandra_wainihaensis,2,216,10,seedling,0.5,4,4,THUCYM,bushy thucym
Cyrtandra_wainihaensis,2,218,10,seedling,6,2,1,THUCYM,"under thucym patch, also under ginger"
Pipturus_kauaiensis,2,6,3,seedling,9,4,4,HYPUNK,mixed with pilea
Pipturus_kauaiensis,2,8,4,seedling,3,4,0,NM,on rock below big tree in stream
Pipturus_kauaiensis,2,9,4,seedling,3,4,0,NM,on rock below big tree in stream
Psychotria_mariniana,2,1,1,seedling,6,4,4,THUCYM,"bushy thucym, on side of rock, somewhat splashed, 8 leaves"
Psychotria_mariniana,2,2,1,seedling,5,3,4,THUCYM,"bushy thucym, 6 leaves"
Psychotria_mariniana,2,3,1,seedling,12,4,4,THUCYM,"bushy thucym, 7 leaves"
Psychotria_mariniana,2,5,1,seedling,1.25,4,4,THUCYM,"bushy thucym, potential seedling, 4 leaves"
Cyrtandra_wainihaensis,2,168,9,seedling ,<0.25,4,4,RICSPP,N/a
Cyrtandra_wainihaensis,2,53,3b,n/a,unknown,n/a,n/a,N/a,N/a
Pilea_microphylla,2,1,1,n/a,n/a,4,4,HYPUNK,0
Pilea_microphylla,2,2,1,n/a,n/a,4,4,HYPUNK,0
Pilea_microphylla,2,3,1,n/a,n/a,4,4,HYPUNK,0
Pilea_microphylla,2,4,1,n/a,n/a,4,4,HYPUNK,0
Pilea_microphylla,2,5,1,n/a,n/a,4,4,HYPUNK,0
Boehmeria_grandis,3,1,1,adult,78,4,4,PLAROS,N/A
Boehmeria_grandis,3,2,2,adult,72,4,4,AERLON,N/A
Boehmeria_grandis,3,3,2,adult,60,4,4,AERLON,N/A
Boehmeria_grandis,3,4,2,adult,60,4,2,THUCYM,N/A
Boehmeria_grandis,3,5,2,adult,72,4,2,FLOFLO,N/A
Boehmeria_grandis,3,9,2,adult,n/a,4,4,FLOFLO,"flowering, rooted in many places"
Psychotria_mariniana,3,1,1,adult,420,3,3,RACCUS,Maybe too big to matter
Antidesma_platyphyllum,3,1,1,adult,120,2,4,THUCYM,at top of waterfall
Hibiscus_waimeae_subsp_hannerae,3,1,1,adult,36,2,2,THUCYM,Too big to tell - idk what that means
Cyrtandra_confertiflora,3,1,1,adult,36,3,3,FLOFLO,N/A
Cyrtandra_confertiflora,3,2,1,adult,36,3,1,THUCYM,dead thucym
Cyrtandra_confertiflora,3,3,1,adult,42,3,1,THUCYM,dead thucym
Cyrtandra_confertiflora,3,5,1,adult,36,3,3,THUCYM,N/A
Cyrtandra_confertiflora,3,7,2,adult,48,4,4,THUCYM,"Bushy thucym, upslope of stream"
Cyrtandra_confertiflora,3,8,3,adult,48,4,2,THUCYM,"Somewhat overed bu also exposed, rooting in many places"
Cyrtandra_confertiflora,3,9,3,adult,n/a,4,4,THUCYM,big hypunk
Cyrtandra_confertiflora,3,10,3,adult,n/a,4,4,THUCYM,N/A
Cyrtandra_confertiflora,3,11,3,adult,n/a,4,4,RICSPP,N/A
Cyrtandra_confertiflora,3,12,3,adult,48,4,4,ECTSPP,N/A
Cyrtandra_confertiflora,3,13,4,adult,n/a,4,4,FLOFLO,N/A
Cyrtandra_confertiflora,3,14,4,adult,n/a,4,4,THUCYM,N/A
Cyrtandra_confertiflora,3,17,4,adult,48,4,4,ECTSPP,N/A
Cyrtandra_confertiflora,3,22,4,adult,42,4,4,THUCYM,N/A
Cyrtandra_confertiflora,3,25,4,adult,42,4,4,RACCUS,N/A
Cyrtandra_confertiflora,3,35,5,adult,36,4,0,NM,N/A
Cyrtandra_confertiflora,3,36,5,adult,36,4,2,THUCYM,N/A
Cyrtandra_confertiflora,3,38,5,adult,24,4,0,NM,N/A
Touchardia_latifolia,3,1,1,adult,144,4,1,FLOFLO,"large roots, mostly exposed, in water, small puddle"
Touchardia_latifolia,3,3,3,adult,96,3,4,THUCYM,bushy thucym; some holes in leaves
Touchardia_latifolia,3,4,3,adult,96,3,4,THUCYM,bushy thucym
Touchardia_latifolia,3,5,3,adult,144,4,4,FLOFLO/ THUCYM,N/A
Touchardia_latifolia,3,7,3,adult,120,4,4,THUCYM,N/A
Touchardia_latifolia,3,8,3,adult,60,4,4,FLOFLO,N/A
Touchardia_latifolia,3,10,4,adult,n/a,3,4,THUCYM,CHUNK not individual -- too many; 5x5ft; 20+ heads
Touchardia_latifolia,3,11,4,adult,n/a,4,4,THUCYM,CHUNK not individual -- too many; 5x5ft; 20+ heads
Touchardia_latifolia,3,12,4,adult,n/a,3,4,AERLON,CHUNK not individual -- too many; 10x10ft; 5-+heads
Touchardia_latifolia,3,13,4,adult,n/a,3,4,THUCYM,CHUNK not individual -- too many; size 5x10ft; 40+ heads; sunnier than other chunks
Touchardia_latifolia,3,14,5,adult,n/a,3,3,ECTSPP/ HYPUNK,"Some exposed areas, on seep"
Touchardia_latifolia,3,16,5,adult,n/a,4,4,THUCYM,Next to 14
Pipturus_kauaiensis,3,1,1,adult,180,2,2,THUCYM,N/A
Pipturus_kauaiensis,3,2,1,adult,180,1,4,FLOFLO,** FLOFLO may be AERLON
Pipturus_kauaiensis,3,4,1,adult,72,3,4,THUCYM,N/A
Pipturus_kauaiensis,3,5,1,adult,240,2,4,THUCYM,N/A
Pipturus_kauaiensis,3,6,1,adult,120,4,4,THUCYM,N/A
Pipturus_kauaiensis,3,7,1,adult,120,2,3,THUCYM,N/A
Pipturus_kauaiensis,3,8,1,adult,144,1,3,THUCYM,N/A
Pipturus_kauaiensis,3,9,1,adult,360,4,1,THUCYM,N/A
Pipturus_kauaiensis,3,10,1,adult,300,4,1,TAXMUN,creeping thucym
Pipturus_kauaiensis,3,14,1,adult,120,4,1,ECTSPP,N/A
Pipturus_kauaiensis,3,15,1,adult,120,4,3,THUCYN,N/A
Pipturus_kauaiensis,3,16,1,adult,180,4,2,TAXMUN,N/A
Pipturus_kauaiensis,3,17,1,adult,120,3,4,FLOFLO,N/A
Pipturus_kauaiensis,3,19,1,adult,180,3,2,FLOFLO,N/A
Pipturus_kauaiensis,3,21,2,adult,96,4,1,THUCYM,N/A
Pipturus_kauaiensis,3,22,3,adult,300,4,4,THUCYM,N/A
Pipturus_kauaiensis,3,23,3,adult,180,4,4,THUCYM,N/A
Pipturus_kauaiensis,3,25,3,adult,180,4,4,FLOFLO,N/A
Pipturus_kauaiensis,3,27,4,adult,120,4,3,FLOFLO,N/A
Pipturus_kauaiensis,3,28,5,adult,180,4,2,THUCYM,in stream
Pipturus_kauaiensis,3,29,5,adult,240,4,4,FLOFLO,so big that most roots underground
Pipturus_kauaiensis,3,39,7,adult,96,4,3,THUCYM,N/A
Pipturus_kauaiensis,3,40,8,adult,108,4,2,THUCYM,N/A
Pipturus_kauaiensis,3,41,8,adult,180,4,4,THUCYM,"near olon훮, shady, above stream"
Pipturus_kauaiensis,3,42,9,adult,180,4,4,THUCYM,"near olon훮, shady, above stream"
Pipturus_kauaiensis,3,43,9,adult,30,4,4,FLOFLO,N/A
Pipturus_kauaiensis,3,45,9,adult,84,4,4,THUCYM,N/A
Pipturus_kauaiensis,3,49,9,adult,74,4,4,FLOFLO,N/A
Pipturus_kauaiensis,3,50,9,adult,30,4,0,NM,N/A
Pipturus_kauaiensis,3,51,9,adult,180,4,1,RACCUS,N/A
Pipturus_kauaiensis,3,52,10,adult,96,4,1,THUCYM/ FLOFLO,N/A
Pipturus_kauaiensis,3,53,10,adult,84,4,1,CLASPP,N/A
Pipturus_kauaiensis,3,54,11,adult,120,4,1,THUCYM/ FLOFLO,ginger encroaching
Pipturus_kauaiensis,3,55,11,adult,120,4,4,THUCYM/ FLOFLO,N/A
Pipturus_kauaiensis,3,56,11,adult,96,4,4,ECTSPP,N/A
Pipturus_kauaiensis,3,58,11,adult,72,2,2,TAXMUN,on seep
Cyrtandra_wainihaensis,3,1,1,adult,30,4,1,BALKEA,side of rock
Cyrtandra_wainihaensis,3,7,1,adult,36,3,3,FLOFLO,"unknown moss, long meteoraceae, in gulch"
Cyrtandra_wainihaensis,3,8,1,adult,60,4,3,THUCYM,N/A
Cyrtandra_wainihaensis,3,12,1,adult,60,4,3,FLOFLO,N/A
Cyrtandra_wainihaensis,3,13,1,adult,48,3,3,BALKEA,N/A
Cyrtandra_wainihaensis,3,14,1,adult,36,3,4,THUCYM,N/A
Cyrtandra_wainihaensis,3,17,1,adult,72,4,2,FISSPP,N/A
Cyrtandra_wainihaensis,3,18,1,adult,24,4,1,THUCYM,N/A
Cyrtandra_wainihaensis,3,19,1,adult,26,4,2,FLOFLO,N/A
Cyrtandra_wainihaensis,3,67,1,adult,42,4,2,FLOFLO,laying down in stream
Cyrtandra_wainihaensis,3,69,1,adult,48,4,3,THUCYM,N/A
Cyrtandra_wainihaensis,3,71,1,adult,54,4,2,THUCYM,N/A
Cyrtandra_wainihaensis,3,72,1,adult,54,4,2,THUCYM,splash zone
Cyrtandra_wainihaensis,3,73,1,adult,36,2,2,TAXMUN,dead thucym
Cyrtandra_wainihaensis,3,74,1,adult,42,4,1,THUCYM,N/A
Cyrtandra_wainihaensis,3,75,1,adult,54,4,2,THUCYM,N/A
Cyrtandra_wainihaensis,3,76,1,adult,66,4,3,THUCYM,N/A
Cyrtandra_wainihaensis,3,78,1,adult,54,4,4,THUCYM,N/A
Cyrtandra_wainihaensis,3,80,2,adult,72,4,1,FLOFLO,tall roots in water or growing above
Cyrtandra_wainihaensis,3,81,2,adult,30,4,1,FLOFLO,N/A
Cyrtandra_wainihaensis,3,82,2,adult,48,4,4,THUCYM/ FLOFLO,N/A
Cyrtandra_wainihaensis,3,83,2,adult,54,2,4,THUCYM,N/A
Cyrtandra_wainihaensis,3,84,2,adult,66,4,2,FOLIO,N/A
Cyrtandra_wainihaensis,3,85,2,adult,36,4,3,THUCYM,N/A
Cyrtandra_wainihaensis,3,86,2,adult,36,4,1,FLOFLO,N/A
Cyrtandra_wainihaensis,3,88,2,adult,48,4,1,FLOFLO,N/A
Cyrtandra_wainihaensis,3,89,3,adult,36,4,4,FLOFLO,N/A
Cyrtandra_wainihaensis,3,90,3,adult,30,4,1,FLOFLO,N/A
Cyrtandra_wainihaensis,3,101,3,adult,24,3,1,FLOFLO,N/A
Cyrtandra_wainihaensis,3,102,3,adult,36,4,3,THUCYM,N/A
Cyrtandra_wainihaensis,3,103,3,adult,36,3,1,DUMHIR,N/A
Cyrtandra_wainihaensis,3,104,3,adult,36,4,0,NM,N/A
Cyrtandra_wainihaensis,3,106,3,adult,60,4,2,FLOFLO,N/A
Cyrtandra_wainihaensis,3,107,3,adult,48,4,3,CLASPP,N/A
Cyrtandra_wainihaensis,3,108,3,adult,36,3,0,NM,N/A
Cyrtandra_wainihaensis,3,110,3,adult,36,4,1,FLOFLO,N/A
Cyrtandra_wainihaensis,3,111,3,adult,24,3,0,NM,N/A
Cyrtandra_wainihaensis,3,121,3,adult,36,4,2,THUCYM,N/A
Cyrtandra_wainihaensis,3,122,3,adult,36,4,4,THUCYM,N/A
Cyrtandra_wainihaensis,3,123,3,adult,48,4,2,THUCYM,N/A
Cyrtandra_wainihaensis,3,127,4,adult,36,4,0,NM,N/A
Cyrtandra_wainihaensis,3,129,4,adult,36,4,2,CLASPP,N/A
Cyrtandra_wainihaensis,3,130,4,adult,36,4,1,THUCYM,dead thucym
Cyrtandra_wainihaensis,3,131,4,adult,42,4,4,THUCYM,right next to water
Cyrtandra_wainihaensis,3,132,4,adult,30,4,3,RICSPP,N/A
Cyrtandra_wainihaensis,3,133,4,adult,42,4,4,THUCYM,N/A
Cyrtandra_wainihaensis,3,137,4,adult,66,4,2,DUMHIR,N/A
Cyrtandra_wainihaensis,3,138,4,adult,60,4,2,FLOFLO,rooted in many places
Cyrtandra_wainihaensis,3,141,4,adult,54,4,4,FLOFLO,N/A
Cyrtandra_wainihaensis,3,142,4,adult,42,4,4,FLOFLO,N/A
Cyrtandra_wainihaensis,3,149,4,adult,60,4,2,FLOFLO,N/A
Cyrtandra_wainihaensis,3,153,4,adult,60,4,4,THUCYM,N/A
Cyrtandra_wainihaensis,3,154,4,adult,42,4,4,THUCYM,N/A
Cyrtandra_wainihaensis,3,157,4,adult,24,3,4,FOLIO,thucym is dead and alive
Cyrtandra_wainihaensis,3,158,5,adult,36,4,1,TAXMUN,N/A
Cyrtandra_wainihaensis,3,161,5,adult,24,2,0,NM,bare soil
Cyrtandra_wainihaensis,3,163,5,adult,30,4,2,FLOFLO,N/A
Cyrtandra_wainihaensis,3,166,5,adult,30,4,1,FOLIO,mostly bare soil
Cyrtandra_wainihaensis,3,170,6,adult,36,4,1,CLASPP,N/A
Cyrtandra_wainihaensis,3,172,6,adult,36,4,2,FLOFLO,N/A
Cyrtandra_wainihaensis,3,174,6,adult,36,4,3,THUCYM,"upslope, bushy thucym"
Cyrtandra_wainihaensis,3,175,6,adult,48,4,4,FLOFLO,N/A
Cyrtandra_wainihaensis,3,176,6,adult,30,3,3,THUCYM,N/A
Cyrtandra_wainihaensis,3,179,6,adult,30,4,4,THUCYM,"branched parts laying on ground, covered in thucym"
Cyrtandra_wainihaensis,3,180,6,adult,48,4,1,CLASPP,root/ base is 1in across
Cyrtandra_wainihaensis,3,181,6,adult,48,3,3,THUCYM,N/A
Cyrtandra_wainihaensis,3,183,6,adult,30,4,1,THUCYM,N/A
Cyrtandra_wainihaensis,3,184,6,adult,30,3,1,THUCYM,N/A
Cyrtandra_wainihaensis,3,185,7,adult,24,3,1,FLOFLO,N/A
Cyrtandra_wainihaensis,3,193,8,adult,60,4,4,FLOFLO,raccus covering stems
Cyrtandra_wainihaensis,3,193a,8,adult,48,4,4,THUCYM,N/A
Cyrtandra_wainihaensis,3,197,9,adult,42,2,2,THUCYM,bushy thucym
Cyrtandra_wainihaensis,3,198,9,adult,48,3,3,THUCYM,N/A
Cyrtandra_wainihaensis,3,199,9,adult,60,4,4,THUCYM,N/A
Cyrtandra_wainihaensis,3,200,9,adult,54,4,4,THUCYM,N/A
Cyrtandra_wainihaensis,3,201,9,adult,54,4,4,PLAROS,N/A
Cyrtandra_wainihaensis,3,202,9,adult,48,3,3,THUCYM,N/A
Cyrtandra_wainihaensis,3,206,9,adult,42,3,3,THUCYM,N/A
Cyrtandra_wainihaensis,3,207,10,adult,30,4,2,THUCYM,seems like it got transplantd
Cyrtandra_wainihaensis,3,208,10,adult,30,4,0,NM,N/A
Cyrtandra_wainihaensis,3,209,10,adult,42,4,3,RICSPP,N/A
Cyrtandra_wainihaensis,3,210,10,adult,42,4,4,THUCYM,N/A
Cyrtandra_wainihaensis,3,211,10,adult,36,4,4,ECTSPP,N/A
Cyrtandra_wainihaensis,3,212,10,adult,36,4,4,THUCYM,N/A
Cyrtandra_wainihaensis,3,215,11,adult,48,4,4,THUCYM,N/A
Cyrtandra_wainihaensis,3,218,12,adult,n/a,n/a,n/a,THUCYM,near cyrcon
Cyrtandra_wainihaensis,3,219,12,adult,n/a,n/a,n/a,THUCYM,near cyrcon
Cyrtandra_wainihaensis,3,220,12,adult,n/a,n/a,n/a,THUCYM,near cyrcon
Cyrtandra_wainihaensis,3,221,12,adult,72,4,4,PLAROS,N/A
Cyrtandra_wainihaensis,3,6,1,auldt,48,3,1,FLOFLO,N/A
Boehmeria_grandis,3,6,2,juvenile,48,4,4,THUCYM,N/A
Boehmeria_grandis,3,7,2,juvenile,36,4,4,FLOFLO,N/A
Boehmeria_grandis,3,8,2,juvenile,42,3,4,FLOFLO,was likely attached to #9 at one point
Psychotria_mariniana,3,2,2,juvenile,60,4,4,THUCYM,"Up slope, sunny, guava canopy, near olon훮"
Cyrtandra_confertiflora,3,4,1,juvenile,24,4,4,THUCYM,N/A
Cyrtandra_confertiflora,3,6,2,juvenile,24,4,0,NM,"lots of scale, coming out of rock wall"
Cyrtandra_confertiflora,3,15,4,juvenile,24,4,4,RACCUS,N/A
Cyrtandra_confertiflora,3,16,4,juvenile,24,4,1,FOLIO,N/A
Cyrtandra_confertiflora,3,18,4,juvenile,24,4,4,AERLON,N/A
Cyrtandra_confertiflora,3,19,4,juvenile,24,4,4,FLOFLO,N/A
Cyrtandra_confertiflora,3,20,4,juvenile,24,4,4,AERLON,N/A
Cyrtandra_confertiflora,3,21,4,juvenile,36,4,4,FLOFLO,N/A
Cyrtandra_confertiflora,3,23,4,juvenile,24,4,4,FOLIO,N/A
Cyrtandra_confertiflora,3,24,4,juvenile,24,4,1,THUCYM,N/A
Cyrtandra_confertiflora,3,26,4,juvenile,42,4,4,THUCYM,up slope
Cyrtandra_confertiflora,3,27,4,juvenile,42,4,4,THUCYM,up slope
Cyrtandra_confertiflora,3,28,4,juvenile,42,4,4,THUCYM,up slope
Cyrtandra_confertiflora,3,29,4,juvenile,42,4,4,THUCYM,up slope
Cyrtandra_confertiflora,3,30,4,juvenile,30,4,4,ECTSPP,N/A
Cyrtandra_confertiflora,3,31,4,juvenile,30,4,4,ECTSPP,N/A
Cyrtandra_confertiflora,3,32,4,juvenile,30,4,4,ECTSPP,N/A
Cyrtandra_confertiflora,3,33,4,juvenile,30,4,4,ECTSPP,N/A
Cyrtandra_confertiflora,3,34,4,juvenile,30,4,4,ECTSPP,N/A
Touchardia_latifolia,3,2,2,juvenile,60,2,3,THUCYM,cutting? eaves eaten but good
Touchardia_latifolia,3,6,3,juvenile,60,4,4,FLOFLO/ THUCYM,N/A
Touchardia_latifolia,3,9,4,juvenile,36,3,2,THUCYM,stems in water
Touchardia_latifolia,3,15,5,juvenile,12,4,4,HYPUNK,likely a cutting from the ones above it
Pipturus_kauaiensis,3,13,1,juvenile,36,4,4,HYPUNK2,other unknown hypnaceae
Pipturus_kauaiensis,3,18,1,juvenile,48,4,4,THUCYM,on rock
Pipturus_kauaiensis,3,20,2,juvenile,12,4,4,RICSPP,N/A
Pipturus_kauaiensis,3,24,3,juvenile,72,2,4,THUCYM,N/A
Pipturus_kauaiensis,3,26,3,juvenile,66,4,4,THUCYM,Roots lifted up and mosses still growing
Pipturus_kauaiensis,3,37,7,juvenile,72,4,2,THUCYM,N/A
Pipturus_kauaiensis,3,38,7,juvenile,80,4,4,THUCYM,N/A
Pipturus_kauaiensis,3,47,9,juvenile,36,4,4,AERLON,N/A
Pipturus_kauaiensis,3,48,9,juvenile,36,4,4,AERLON,N/A
Cyrtandra_wainihaensis,3,2,1,juvenile,8,3,3,THUCYM,N/A
Cyrtandra_wainihaensis,3,3,1,juvenile,24,4,4,UNKNOWNMOSS,unknown moss collected
Cyrtandra_wainihaensis,3,4,1,juvenile,6,3,4,CLASPP,N/A
Cyrtandra_wainihaensis,3,15,1,juvenile,9,4,1,FLOFLO,N/A
Cyrtandra_wainihaensis,3,16,1,juvenile,18,3,3,THUCYM,creeping thucym
Cyrtandra_wainihaensis,3,20,1,juvenile,18,4,3,FLOFLO,N/A
Cyrtandra_wainihaensis,3,24,1,juvenile,18,4,2,DUMHIR,N/A
Cyrtandra_wainihaensis,3,68,1,juvenile,18,4,1,THUCYM,creeping thucym
Cyrtandra_wainihaensis,3,70,1,juvenile,24,3,1,CLASPP/ TAXMUN,N/A
Cyrtandra_wainihaensis,3,79,2,juvenile,12,4,4,RICSPP,broken off and rooted
Cyrtandra_wainihaensis,3,87,2,juvenile,12,2,0,NM,rooted in water
Cyrtandra_wainihaensis,3,92,3,juvenile,18,3,2,FLOFLO,N/A
Cyrtandra_wainihaensis,3,95,3,juvenile,7,2,4,FLOFLO,N/A
Cyrtandra_wainihaensis,3,96,3,juvenile,24,4,4,FLOFLO,N/A
Cyrtandra_wainihaensis,3,105,3,juvenile,30,3,1,RICSPP,N/A
Cyrtandra_wainihaensis,3,105a,3,juvenile,18,4,4,FLOFLO,N/A
Cyrtandra_wainihaensis,3,124,3,juvenile,18,4,4,RICSPP,N/A
Cyrtandra_wainihaensis,3,125,3,juvenile,24,4,2,THUCYM,N/A
Cyrtandra_wainihaensis,3,126,3,juvenile,36,4,3,THUCYM,N/A
Cyrtandra_wainihaensis,3,128,4,juvenile,10,4,2,RICSPP,on wall
Cyrtandra_wainihaensis,3,136,4,juvenile,18,3,0,NM,N/A
Cyrtandra_wainihaensis,3,139,4,juvenile,30,4,4,THUCYM,N/A
Cyrtandra_wainihaensis,3,140,4,juvenile,18,3,4,THUCYM/ FOLIO,N/A
Cyrtandra_wainihaensis,3,143,4,juvenile,30,4,0,NM,N/A
Cyrtandra_wainihaensis,3,144,4,juvenile,48,3,2,THUCYM,N/A
Cyrtandra_wainihaensis,3,146,4,juvenile,36,3,2,THUCYM,N/A
Cyrtandra_wainihaensis,3,147,4,juvenile,24,2,4,THUCYM,N/A
Cyrtandra_wainihaensis,3,148,4,juvenile,24,4,4,THUCYM,very bushy thucym
Cyrtandra_wainihaensis,3,155,4,juvenile,24,3,4,THUCYM,thcuym dead or yellowing
Cyrtandra_wainihaensis,3,156,4,juvenile,10,4,1,FISSPP,N/A
Cyrtandra_wainihaensis,3,159,5,juvenile,12,3,1,FLOFLO,hanging upside down in bare soil
Cyrtandra_wainihaensis,3,162,5,juvenile,12,4,4,FLOFLO,N/A
Cyrtandra_wainihaensis,3,165,5,juvenile,6,3,1,FOLIO,N/A
Cyrtandra_wainihaensis,3,167,5,juvenile,18,4,4,MARPOL,N/A
Cyrtandra_wainihaensis,3,168,5,juvenile,15,3,1,FISSPP,long fissidens
Cyrtandra_wainihaensis,3,171,6,juvenile,18,4,0,NM,N/A
Cyrtandra_wainihaensis,3,173,6,juvenile,18,4,4,THUCYM,N/A
Cyrtandra_wainihaensis,3,177,6,juvenile,18,4,4,MARPOL,N/A
Cyrtandra_wainihaensis,3,178,6,juvenile,18,4,3,TAXMUN,N/A
Cyrtandra_wainihaensis,3,182,6,juvenile,24,3,4,THUCYM,bushy thucym
Cyrtandra_wainihaensis,3,186,7,juvenile,6,4,2,ECTSPP,N/A
Cyrtandra_wainihaensis,3,187,7,juvenile,10,4,2,FLOFLO,N/A
Cyrtandra_wainihaensis,3,191,7,juvenile,30,4,0,NM,N/A
Cyrtandra_wainihaensis,3,192,7,juvenile,24,3,1,THUCYM,"only on connected roots, fell over"
Cyrtandra_wainihaensis,3,194,8,juvenile,18,4,2,FLOFLO,N/A
Cyrtandra_wainihaensis,3,195,8,juvenile,18,4,1,THUCYM,N/A
Cyrtandra_wainihaensis,3,196,9,juvenile,20,3,3,FLOFLO,N/A
Cyrtandra_wainihaensis,3,213,10,juvenile,24,4,3,TAXMUN,dead and alive taxmun
Cyrtandra_wainihaensis,3,216,12,juvenile,12,2,4,FLOFLO,N/A
Cyrtandra_wainihaensis,3,217,12,juvenile,36,3,4,THUCYM,N/A
Cyrtandra_wainihaensis,3,222,12,juvenile,30,4,0,NM,hanging off
Cyrtandra_wainihaensis,3,223,12,juvenile,30,4,1,FOLIO,N/A
Cyrtandra_confertiflora,3,37,5,n/a,n/a,4,4,THUCYM,N/A
Cyrtandra_wainihaensis,3,52,n/a,n/a,n/a,n/a,n/a,NM,N/A
Cyrtandra_wainihaensis,3,203,n/a,n/a,n/a,0,0,N/A,N/A
Pipturus_kauaiensis,3,3,1,seedling,7,4,4,HYPUNK2,** Unk hyp- maybe different to normal unkhyp (short) collected; rock in stream
Pipturus_kauaiensis,3,11,1,seedling,3,4,4,HYPUNK2,other unknown hypnaceae; rock in stream; lots of clihir seedlings
Pipturus_kauaiensis,3,12,1,seedling,1,4,4,HYPUNK2,other unknown hypnaceae; rock in stream;  lots of clihir seedlings
Pipturus_kauaiensis,3,30,5,seedling,42,4,4,RICSPP,on rocks in stream
Pipturus_kauaiensis,3,31,5,seedling,1.5,4,4,HYPUNK2,on rocks in stream; * hyp connected
Pipturus_kauaiensis,3,32,6,seedling,4,4,4,CLASPP,on rocks in stream
Pipturus_kauaiensis,3,33,6,seedling,3,4,4,HYUNK2,some thucym nearby
Pipturus_kauaiensis,3,34,6,seedling,3,4,4,HYPUNK2,some thucym nearby
Pipturus_kauaiensis,3,35,6,seedling,1.5,4,4,THUCYM,bushy thucym
Pipturus_kauaiensis,3,36,7,seedling,0.5,4,4,HYPUNK2,unsure if m훮maki
Pipturus_kauaiensis,3,44,9,seedling,18,4,4,HYPUNK2,N/A
Pipturus_kauaiensis,3,46,9,seedling,3,4,4,THUCYM,N/A
Pipturus_kauaiensis,3,57,11,seedling,3,4,4,PHISPP,N/A
Pipturus_kauaiensis,3,59,11,seedling,1,4,0,NM,N/A
Pipturus_kauaiensis,3,60,11,seedling,1,4,0,NM,N/A
Pipturus_kauaiensis,3,61,11,seedling,1,4,4,FLOFLO,N/A
Pipturus_kauaiensis,3,62,11,seedling,2.5,3,4,HYPUNK,long hypunk on rocks
Cyrtandra_wainihaensis,3,5,1,seedling,2.5,3,4,THUCYM,very bushy thucym
Cyrtandra_wainihaensis,3,9,1,seedling,1,4,4,FLOFLO,N/A
Cyrtandra_wainihaensis,3,10,1,seedling,0.5,4,4,RICSPP,N/A
Cyrtandra_wainihaensis,3,11,1,seedling,1,4,4,RICSPP,N/A
Cyrtandra_wainihaensis,3,21,1,seedling,0.5,4,1,RICSPP,N/A
Cyrtandra_wainihaensis,3,22,1,seedling,0.5,4,1,RICSPP,N/A
Cyrtandra_wainihaensis,3,23,1,seedling,0.5,4,1,RICSPP,N/A
Cyrtandra_wainihaensis,3,25,1,seedling,0.1,4,0,NM,N/A
Cyrtandra_wainihaensis,3,26,1,seedling,0.1,4,0,NM,N/A
Cyrtandra_wainihaensis,3,27,1,seedling,0.25,4,4,DUMHIR,N/A
Cyrtandra_wainihaensis,3,28,1,seedling,0.25,4,4,DUMHIR,N/A
Cyrtandra_wainihaensis,3,29,1,seedling,0.25,4,4,DUMHIR,N/A
Cyrtandra_wainihaensis,3,30,1,seedling,1,4,4,CLASPP,N/A
Cyrtandra_wainihaensis,3,31,1,seedling,1,4,4,CLASPP,N/A
Cyrtandra_wainihaensis,3,32,1,seedling,0.5,4,4,CLASPP,N/A
Cyrtandra_wainihaensis,3,33,1,seedling,0.5,4,4,CLASPP,N/A
Cyrtandra_wainihaensis,3,34,1,seedling,0.5,4,4,CLASPP,N/A
Cyrtandra_wainihaensis,3,35,1,seedling,0.5,4,4,CLASPP,N/A
Cyrtandra_wainihaensis,3,36,1,seedling,<0.25,4,4,CLASPP,N/A
Cyrtandra_wainihaensis,3,37,1,seedling,<0.25,4,4,CLASPP,N/A
Cyrtandra_wainihaensis,3,38,1,seedling,<0.25,4,4,CLASPP,N/A
Cyrtandra_wainihaensis,3,39,1,seedling,<0.25,4,4,CLASPP,N/A
Cyrtandra_wainihaensis,3,40,1,seedling,<0.25,4,4,CLASPP,N/A
Cyrtandra_wainihaensis,3,41,1,seedling,<0.25,4,4,CLASPP,N/A
Cyrtandra_wainihaensis,3,42,1,seedling,<0.25,4,4,CLASPP,N/A
Cyrtandra_wainihaensis,3,43,1,seedling,<0.25,4,4,CLASPP,N/A
Cyrtandra_wainihaensis,3,44,1,seedling,<0.25,4,4,CLASPP,N/A
Cyrtandra_wainihaensis,3,45,1,seedling,<0.25,4,4,CLASPP,N/A
Cyrtandra_wainihaensis,3,46,1,seedling,<0.25,4,4,CLASPP,N/A
Cyrtandra_wainihaensis,3,47,1,seedling,<0.25,4,4,CLASPP,N/A
Cyrtandra_wainihaensis,3,48,1,seedling,<0.25,4,4,CLASPP,N/A
Cyrtandra_wainihaensis,3,49,1,seedling,<0.25,4,4,CLASPP,N/A
Cyrtandra_wainihaensis,3,50,1,seedling,<0.25,4,4,CLASPP,N/A
Cyrtandra_wainihaensis,3,51,1,seedling,<0.25,4,4,CLASPP,N/A
Cyrtandra_wainihaensis,3,53,1,seedling,0.25,4,0,NM,N/A
Cyrtandra_wainihaensis,3,54,1,seedling,1,4,0,NM,N/A
Cyrtandra_wainihaensis,3,55,1,seedling,2,4,1,THUCYM,creeping thucym
Cyrtandra_wainihaensis,3,56,1,seedling,3,4,0,NM,N/A
Cyrtandra_wainihaensis,3,57,1,seedling,<0.25,4,4,FISSPP,N/A
Cyrtandra_wainihaensis,3,58,1,seedling,<0.25,4,4,FISSPP,N/A
Cyrtandra_wainihaensis,3,59,1,seedling,<0.25,4,4,FISSPP,N/A
Cyrtandra_wainihaensis,3,60,1,seedling,<0.25,4,4,FISSPP,N/A
Cyrtandra_wainihaensis,3,61,1,seedling,<0.25,4,4,FISSPP,N/A
Cyrtandra_wainihaensis,3,62,1,seedling,<0.25,4,0,NM,N/A
Cyrtandra_wainihaensis,3,63,1,seedling,<0.25,4,0,NM,N/A
Cyrtandra_wainihaensis,3,64,1,seedling,<0.25,4,4,CLASPP/ TAXMUN,N/A
Cyrtandra_wainihaensis,3,65,1,seedling,<0.25,4,4,CLASPP/ TAXMUN,N/A
Cyrtandra_wainihaensis,3,66,1,seedling,<0.25,4,4,CLASPP/ TAXMUN,N/A
Cyrtandra_wainihaensis,3,77,1,seedling,0.1,4,4,THUCYM,N/A
Cyrtandra_wainihaensis,3,91,3,seedling,8,4,4,FLOFLO,N/A
Cyrtandra_wainihaensis,3,93,3,seedling,3,4,4,THUCYM,N/A
Cyrtandra_wainihaensis,3,94,3,seedling,10,4,4,THUCYM,N/A
Cyrtandra_wainihaensis,3,97,3,seedling,0.5,4,4,DUMHIR,N/A
Cyrtandra_wainihaensis,3,98,3,seedling,1,4,4,DUMHIR,N/A
Cyrtandra_wainihaensis,3,99,3,seedling,0.5,4,4,FLOFLO,N/A
Cyrtandra_wainihaensis,3,100,3,seedling,0.5,4,4,DUMHIR,N/A
Cyrtandra_wainihaensis,3,109,3,seedling,1,4,4,THUCYM,N/A
Cyrtandra_wainihaensis,3,112,3,seedling,1.5,3,3,RICSPP,N/A
Cyrtandra_wainihaensis,3,113,3,seedling,2,3,2,RICSPP,N/A
Cyrtandra_wainihaensis,3,114,3,seedling,2.5,3,0,NM,N/A
Cyrtandra_wainihaensis,3,115,3,seedling,1,3,0,FLOFLO,N/A
Cyrtandra_wainihaensis,3,116,3,seedling,2,2,4,FLOFLO,N/A
Cyrtandra_wainihaensis,3,117,3,seedling,5,3,3,TAXMUN,N/A
Cyrtandra_wainihaensis,3,118,3,seedling,2,3,4,FLOFLO,N/A
Cyrtandra_wainihaensis,3,119,3,seedling,1.5,3,4,TAXMUN,N/A
Cyrtandra_wainihaensis,3,120,3,seedling,1,4,4,THUCYM,N/A
Cyrtandra_wainihaensis,3,134,4,seedling,1,4,2,CLASPP,N/A
Cyrtandra_wainihaensis,3,135,4,seedling,1,4,2,THUCYM,N/A
Cyrtandra_wainihaensis,3,145,4,seedling,3,4,4,THUCYM,N/A
Cyrtandra_wainihaensis,3,150,4,seedling,0.5,4,4,RICSPP,N/A
Cyrtandra_wainihaensis,3,151,4,seedling,0.5,4,4,RICSPP,N/A
Cyrtandra_wainihaensis,3,152,4,seedling,0.5,4,4,RICSPP,N/A
Cyrtandra_wainihaensis,3,160,5,seedling,0.5,4,4,FOLIO,N/A
Cyrtandra_wainihaensis,3,164,5,seedling,0.5,4,4,RICSPP,N/A
Cyrtandra_wainihaensis,3,169,5,seedling,1,4,4,RICSPP,N/A
Cyrtandra_wainihaensis,3,188,7,seedling,2.5,4,2,FLOFLO,N/A
Cyrtandra_wainihaensis,3,189,7,seedling,3,4,4,FLOFLO,N/A
Cyrtandra_wainihaensis,3,190,7,seedling,3,4,4,FLOFLO,leafy plant
Cyrtandra_wainihaensis,3,204,9,seedling,7,4,4,PLAROS,N/A
Cyrtandra_wainihaensis,3,205,9,seedling,6,2,2,PLAROS,clearly a broken off piece that rooted
Cyrtandra_wainihaensis,3,214,10,seedling,1,4,4,FISSPP,N/A
Cyrtandra_wainihaensis,3,224,4,seedling,<0.25,4,4,FLOFLO,cotyledons+ leaves
Cyrtandra_wainihaensis,3,225,4,seedling,<0.25,4,4,FLOFLO,cotyledons+ leaves
Cyrtandra_wainihaensis,3,226,4,seedling,<0.25,4,4,FLOFLO,cotyledons+ leaves
Cyrtandra_wainihaensis,3,227,4,seedling,<0.25,4,4,FLOFLO,cotyledons+ leaves
Cyrtandra_wainihaensis,3,228,4,seedling,<0.25,4,4,FLOFLO,cotyledons+ leaves
Cyrtandra_wainihaensis,3,229,4,seedling,<0.25,4,4,FLOFLO,cotyledons+ leaves
Cyrtandra_wainihaensis,3,230,4,seedling,<0.25,4,4,FLOFLO,cotyledons+ leaves
Cyrtandra_wainihaensis,3,231,4,seedling,<0.25,4,4,FLOFLO,cotyledons+ leaves
Cyrtandra_wainihaensis,3,232,4,seedling,<0.25,4,4,FLOFLO,cotyledons+ leaves
Cyrtandra_wainihaensis,3,233,4,seedling,<0.25,4,0,NM,cotyledons only
Cyrtandra_wainihaensis,3,234,4,seedling,<0.25,4,0,NM,cotyledons only
Cyrtandra_wainihaensis,3,235,4,seedling,<0.25,4,0,NM,cotyledons only
Cyrtandra_wainihaensis,3,236,4,seedling,<0.25,4,0,NM,cotyledons only
Cyrtandra_wainihaensis,3,237,4,seedling,<0.25,4,0,NM,cotyledons only
Cyrtandra_wainihaensis,3,238,4,seedling,<0.25,4,0,NM,cotyledons only
Cyrtandra_wainihaensis,3,239,4,seedling,<0.25,4,0,NM,cotyledons only
Cyrtandra_wainihaensis,3,240,4,seedling,<0.25,4,0,NM,cotyledons only
Cyrtandra_wainihaensis,3,241,4,seedling,<0.25,4,0,NM,cotyledons only
Cyrtandra_wainihaensis,3,242,4,seedling,<0.25,4,4,FLOFLO,cotyledons only
Cyrtandra_wainihaensis,3,243,4,seedling,<0.25,4,4,FLOFLO,cotyledons only
Cyrtandra_wainihaensis,3,244,4,seedling,<0.25,4,4,FLOFLO,cotyledons only
Cyrtandra_wainihaensis,3,245,4,seedling,<0.25,4,4,FLOFLO,cotyledons only
Cyrtandra_wainihaensis,3,246,4,seedling,<0.25,4,4,FLOFLO,cotyledons only
Touchardia_latifolia,1,5,1,adult,n//a,3,3,FLOFLO,male? floweing
Touchardia_latifolia,1,6,2,adult,54,4,3,THUCYm,female in flower
Touchardia_latifolia,1,7,3,adult,n//a,3,4,RACCUS,likely was part of #7 but broke off
Touchardia_latifolia,1,8,3,adult,n/a,3,4,RACCUS,N/a
Touchardia_latifolia,1,9,3,adult,n/a,3,4,RACCUS,roots raised; wetter zone
Touchardia_latifolia,1,10,3,adult,n/a,3,4,ECTSPP,N/a
Touchardia_latifolia,1,11,4,adult,n/a,4,4,THUCYM,next to seepy kaduas
Boehmeria_grandis,1,1,1,adult,72,4,4,FLOFLO,"large plant, creeps all around, runner roots in LL and bryos"
Boehmeria_grandis,1,2,1,adult,60,3,3,RACCUS,N/a
Boehmeria_grandis,1,3,1,adult,72,4,4,THUCYM,"extra big, creeping bramches covered in raccus"
Boehmeria_grandis,1,5,1,adult,42,4,4,RACCUS,very branchy; creeping branches have moss; covered in LL and THUCYM
Pipturus_kauaiensis,1,1,1,adult,72,4,3,THUCYM,"Sloped, on dike rock"
Pipturus_kauaiensis,1,2,2,adult,66,4,1,THUCYM,"not a lot of bryops, exposed roots, on cobble, lots of bare soil"
Pipturus_kauaiensis,1,4,3,adult,n/a,4,2,DUMHIR,"on steep slope, long roots, like laying down"
Pipturus_kauaiensis,1,8,4,adult,180,4,1,RICSPP,N/a
Pipturus_kauaiensis,1,12,5,adult,120,3,2,RICSPP,N/a
Pipturus_kauaiensis,1,13,5,adult,84,4,3,THUCYM,N/a
Pipturus_kauaiensis,1,14,5,adult,84,4,3,THUCYM,N/a
Pipturus_kauaiensis,1,15,5,adult,78,4,2,THUCYM,N/a
Pipturus_kauaiensis,1,16,5,adult,90,3,2,THUCYM,N/a
Pipturus_kauaiensis,1,17,5,adult,60,3,4,THUCYM,N/a
Pipturus_kauaiensis,1,18,6,adult,72,3,4,THUCYM,N/a
Pipturus_kauaiensis,1,19,6,adult,72,3,0,NM,N/a
Pipturus_kauaiensis,1,20,6,adult,180,4,2,FLOFLO,N/a
Pipturus_kauaiensis,1,21,6,adult,180,4,0,NM,N/a
Pipturus_kauaiensis,1,22,6,adult,180,4,1,THUCYM,N/a
Pipturus_kauaiensis,1,23,6,adult,240,4,2,FLOFLO,N/a
Kadua_acuminata,1,1,1,adult,48,4,2,RICSPP,mostly covered by leaf littler
Kadua_acuminata,1,2,1,adult,36,3,1,FLOFLO,runners covered by moss (FLOFLO)+ leaflitter
Kadua_acuminata,1,3,1,adult,24,4,4,FLOFLO,possibly part of #2 and broke off; runners under moss
Kadua_acuminata,1,4,1,adult,24,3,2,THUCYM,was part of #2 but broke off and rooted
Kadua_acuminata,1,5,2,adult,72,4,3,FLOFLO,runners in THUCYM; main stem in water way; leafl littler; og roots in balkea
Kadua_acuminata,1,6,2,adult,48,4,3,THUCYM,lots of moss at roots
Kadua_acuminata,1,7,2,adult,72,4,0,NM,"less bryos at roots, in flood zone, olona next to roots"
Kadua_acuminata,1,8,2,adult,n/a,3,2,THUCYM,N/a
Kadua_acuminata,1,10,2,adult,n/a,3,3,FLOFLO,branches root down in other thucym
Kadua_acuminata,1,11,2,adult,n/a,4,2,THUCYM,N/a
Kadua_acuminata,1,12,2,adult,n/a,4,2,THUCYM,likely part of #10 but broke
Kadua_acuminata,1,13,3,adult,60,4,4,THUCYM,N/a
Kadua_acuminata,1,14,3,adult,36,2,2,THUCYM,shoots dip below moss
Kadua_acuminata,1,16,4,adult,n/a,4,4,DUMHIR,next to olona
Kadua_acuminata,1,17,5,adult,48,3,0,NM,N/a
Kadua_acuminata,1,18,5,adult,n/a,3,0,NM,N/a
Charpentiera_densiflora,1,1,1,adult,60,2,3,THUCYM,N/a
Cyrtandra_wawrae,1,2,2,adult,n/a,4,1,FLOFLO,exposed roots
Cyrtandra_wawrae,1,3,3,adult,48,4,3,FLOFLO,"main roots= 4, other places where rooted = 2"
Cyrtandra_wawrae,1,4,3,adult,42,4,2,PLAROS,on steep waterfall
Cyrtandra_wawrae,1,5,3,adult,60,4,3,FLOFLO,top of waterfall
Cyrtandra_wawrae,1,6,3,adult,60,3,2,FLOFLO,flowering
Cyrtandra_wawrae,1,7,3,adult,66,4,3,ECTSPP,N/a
Cyrtandra_wawrae,1,8,3,adult,80,4,4,FLOFLO,N/a
Cyrtandra_wainihaensis,1,1,1,adult,36,4,3,THUCYM,Unsure if taxmun or balkea
Cyrtandra_wainihaensis,1,75,1,adult,42,4,0,NM,N/a
Cyrtandra_wainihaensis,1,76,1,adult,48,3,2,THUCYM,N/a
Cyrtandra_wainihaensis,1,120,1,adult,42,4,4,THUCYM,N/a
Cyrtandra_wainihaensis,1,121,1,adult,30,4,2,THUCYM,N/a
Cyrtandra_wainihaensis,1,122,1,adult,30,4,1,THUCYM,N/a
Cyrtandra_wainihaensis,1,124,1,adult,30,3,2,THUCYM,N/a
Cyrtandra_wainihaensis,1,125,1,adult,36,3,1,FLOFLO,N/a
Cyrtandra_wainihaensis,1,126,1,adult,36,4,3,THUCYM,N/a
Cyrtandra_wainihaensis,1,128,1,adult,24,3,1,CLASPP,N/a
Cyrtandra_wainihaensis,1,129,1,adult,42,4,0,NM,N/a
Cyrtandra_wainihaensis,1,130,1,adult,30,3,2,ECTSPP,N/a
Cyrtandra_wainihaensis,1,134,1,adult,36,4,0,NM,N/a
Cyrtandra_wainihaensis,1,135,1,adult,30,4,3,THUCYM,N/a
Cyrtandra_wainihaensis,1,149,1,adult,24,3,1,TAXMUN,N/a
Cyrtandra_wainihaensis,1,150,1,adult,24,3,2,CLASPP,N/a
Cyrtandra_wainihaensis,1,151,1,adult,36,3,2,FLOFLO,N/a
Cyrtandra_wainihaensis,1,152,1,adult,36,3,2,FLOFLO,N/a
Cyrtandra_wainihaensis,1,153,1,adult,30,3,1,RICSPP,N/a
Cyrtandra_wainihaensis,1,184,2,adult,42,3,2,CLASPP,N/a
Cyrtandra_wainihaensis,1,185,3,adult,54,4,4,THUCYM,N/a
Cyrtandra_wainihaensis,1,186,3,adult,48,4,2,FLOFLO,N/a
Cyrtandra_wainihaensis,1,187,3,adult,36,3,4,THUCYM,N/a
Cyrtandra_wainihaensis,1,188,3,adult,36,3,2,THUCYM,N/a
Cyrtandra_wainihaensis,1,189,3,adult,36,3,2,THUCYM,N/a
Cyrtandra_wainihaensis,1,190,4,adult,48,4,0,NM,N/a
Cyrtandra_wainihaensis,1,191,5,adult,48,3,2,PLAROS,N/a
Kadua_spp,1,1,1,adult,18,4,4,HYPUNK2,"can't get too close but looks surrounded, on waterfall"
Kadua_spp,1,3,3,adult,18,4,2,HYOINV,back waterfall
Touchardia_latifolia,1,1,1,juvenile,36,4,2,FLOFLO,"mostly in bare soil, likely in flood zone; growing with kadua"
Touchardia_latifolia,1,2,1,juvenile,30,4,2,THUCYM,"raised rootes aboce, was more thucym"
Touchardia_latifolia,1,3,1,juvenile,48,4,2,FLOFLO,N/a
Touchardia_latifolia,1,4,1,juvenile,36,4,1,BALKEA,in flood zone
Boehmeria_grandis,1,4,1,juvenile,42,3,4,BALKEA,N/a
Boehmeria_grandis,1,6,1,juvenile,n/a ,4,3,RACCUS,N/a
Pipturus_kauaiensis,1,3,3,juvenile,n/a,4,3,THUCYM,N/a
Pipturus_kauaiensis,1,5,3,juvenile,n/a,3,4,THUCYM,N/a
Pipturus_kauaiensis,1,10,4,juvenile,72,4,2,THUCYM,N/a
Pipturus_kauaiensis,1,11,4,juvenile,24,4,3,THUCYM,N/a
Kadua_acuminata,1,9,2,juvenile,30,3,4,THUCYM,big mound of moss on top
Kadua_acuminata,1,15,3,juvenile,18,4,4,PLAROS,N/a
Cyrtandra_wainihaensis,1,65,1,juvenile,12,4,0,NM,N/a
Cyrtandra_wainihaensis,1,118,1,juvenile,24,4,0,NM,N/a
Cyrtandra_wainihaensis,1,131,1,juvenile,30,2,2,THUCYM,N/a
Cyrtandra_wainihaensis,1,132,1,juvenile,30,4,2,THUCYM,N/a
Cyrtandra_wainihaensis,1,133,1,juvenile,18,3,1,FLOFLO,N/a
Cyrtandra_wainihaensis,1,136,1,juvenile,0.25,4,4,CLASPP,N/a
Cyrtandra_wainihaensis,1,137,1,juvenile,<0.25,4,4,RICSPP,N/a
Cyrtandra_wainihaensis,1,138,1,juvenile,<0.25,4,4,RICSPP,N/a
Cyrtandra_wainihaensis,1,139,1,juvenile,<0.25,4,4,RICSPP,N/a
Cyrtandra_wainihaensis,1,140,1,juvenile,<0.25,4,4,RICSPP,N/a
Cyrtandra_wainihaensis,1,141,1,juvenile,<0.25,4,4,RICSPP,N/a
Cyrtandra_wainihaensis,1,142,1,juvenile,<0.25,4,4,RICSPP,N/a
Cyrtandra_wainihaensis,1,143,1,juvenile,6,4,3,CLASPP,N/a
Cyrtandra_wainihaensis,1,146,1,juvenile,5,4,1,THUCYM,N/a
Cyrtandra_wainihaensis,1,183,2,juvenile,24,4,3,THUCYM,N/a
Cyrtandra_wainihaensis,1,192,6,juvenile,18,3,1,TAXMUN,There are more upslope but too far
Kadua_spp,1,2,2,juvenile,6,4,4,HYPUNK2,on waterfall
Pipturus_kauaiensis,1,6,4,seedling,3,4,4,HYPUNK2,8 is mom
Pipturus_kauaiensis,1,7,4,seedling,0.5,4,4,HYPUNK2,8 is mom
Pipturus_kauaiensis,1,9,4,seedling,8,3,4,HYPUNK2,N/a
Cyrtandra_wawrae,1,1,1,seedling,10,4,2,RICSPP,Divided ricspp
Cyrtandra_wainihaensis,1,2,1,seedling,<0.25,4,3,RICSPP,N/a
Cyrtandra_wainihaensis,1,3,1,seedling,<0.25,4,4,RICSPP,N/a
Cyrtandra_wainihaensis,1,4,1,seedling,<0.25,4,4,RICSPP,N/a
Cyrtandra_wainihaensis,1,5,1,seedling,<0.25,4,4,RICSPP,N/a
Cyrtandra_wainihaensis,1,6,1,seedling,<0.25,4,4,RICSPP,N/a
Cyrtandra_wainihaensis,1,7,1,seedling,<0.25,4,4,RICSPP,N/a
Cyrtandra_wainihaensis,1,8,1,seedling,<0.25,4,4,FLOFLO,N/a
Cyrtandra_wainihaensis,1,9,1,seedling,<0.25,4,4,FLOFLO,N/a
Cyrtandra_wainihaensis,1,10,1,seedling,<0.25,4,4,FLOFLO,N/a
Cyrtandra_wainihaensis,1,11,1,seedling,<0.25,4,4,FLOFLO,N/a
Cyrtandra_wainihaensis,1,12,1,seedling,<0.25,4,4,FLOFLO,N/a
Cyrtandra_wainihaensis,1,13,1,seedling,<0.25,4,4,FLOFLO,N/a
Cyrtandra_wainihaensis,1,14,1,seedling,<0.25,4,4,RICSPP,N/a
Cyrtandra_wainihaensis,1,15,1,seedling,<0.25,4,4,FLOFLO,N/a
Cyrtandra_wainihaensis,1,16,1,seedling,<0.25,4,4,FLOFLO,N/a
Cyrtandra_wainihaensis,1,17,1,seedling,<0.25,4,4,FLOFLO,N/a
Cyrtandra_wainihaensis,1,18,1,seedling,<0.25,4,4,FLOFLO,N/a
Cyrtandra_wainihaensis,1,19,1,seedling,<0.25,4,4,FLOFLO,N/a
Cyrtandra_wainihaensis,1,20,1,seedling,<0.25,4,4,FLOFLO,N/a
Cyrtandra_wainihaensis,1,21,1,seedling,<0.25,4,4,FLOFLO,N/a
Cyrtandra_wainihaensis,1,22,1,seedling,<0.25,4,4,FLOFLO,N/a
Cyrtandra_wainihaensis,1,23,1,seedling,<0.25,4,4,FLOFLO,N/a
Cyrtandra_wainihaensis,1,24,1,seedling,<0.25,4,4,FLOFLO,N/a
Cyrtandra_wainihaensis,1,25,1,seedling,<0.25,4,4,FLOFLO,N/a
Cyrtandra_wainihaensis,1,26,1,seedling,<0.25,4,4,FLOFLO,N/a
Cyrtandra_wainihaensis,1,27,1,seedling,<0.25,4,4,FLOFLO,N/a
Cyrtandra_wainihaensis,1,28,1,seedling,<0.25,4,4,FLOFLO,N/a
Cyrtandra_wainihaensis,1,29,1,seedling,<0.25,4,4,FLOFLO,N/a
Cyrtandra_wainihaensis,1,30,1,seedling,<0.25,4,4,FLOFLO,N/a
Cyrtandra_wainihaensis,1,31,1,seedling,<0.25,4,4,FLOFLO,N/a
Cyrtandra_wainihaensis,1,32,1,seedling,<0.25,4,4,FLOFLO,N/a
Cyrtandra_wainihaensis,1,33,1,seedling,<0.25,4,4,FLOFLO,N/a
Cyrtandra_wainihaensis,1,34,1,seedling,<0.25,4,4,FLOFLO,N/a
Cyrtandra_wainihaensis,1,35,1,seedling,<0.25,4,4,FLOFLO,N/a
Cyrtandra_wainihaensis,1,36,1,seedling,<0.25,4,1,FLOFLO,N/a
Cyrtandra_wainihaensis,1,37,1,seedling,<0.25,4,1,FLOFLO,N/a
Cyrtandra_wainihaensis,1,38,1,seedling,<0.25,4,1,FLOFLO,N/a
Cyrtandra_wainihaensis,1,39,1,seedling,<0.25,4,1,FLOFLO,N/a
Cyrtandra_wainihaensis,1,40,1,seedling,<0.25,4,1,FLOFLO,N/a
Cyrtandra_wainihaensis,1,41,1,seedling,<0.25,4,1,FLOFLO,N/a
Cyrtandra_wainihaensis,1,42,1,seedling,<0.25,4,1,FLOFLO,N/a
Cyrtandra_wainihaensis,1,43,1,seedling,<0.25,4,1,FLOFLO,N/a
Cyrtandra_wainihaensis,1,44,1,seedling,<0.25,4,1,FLOFLO,N/a
Cyrtandra_wainihaensis,1,45,1,seedling,<0.25,4,1,FLOFLO,N/a
Cyrtandra_wainihaensis,1,46,1,seedling,<0.25,4,1,FLOFLO,N/a
Cyrtandra_wainihaensis,1,47,1,seedling,<0.25,4,1,FLOFLO,N/a
Cyrtandra_wainihaensis,1,48,1,seedling,<0.25,4,1,FLOFLO,N/a
Cyrtandra_wainihaensis,1,49,1,seedling,<0.25,4,1,FLOFLO,N/a
Cyrtandra_wainihaensis,1,50,1,seedling,<0.25,4,1,FLOFLO,N/a
Cyrtandra_wainihaensis,1,51,1,seedling,<0.25,4,1,FLOFLO,N/a
Cyrtandra_wainihaensis,1,52,1,seedling,<0.25,4,1,FLOFLO,N/a
Cyrtandra_wainihaensis,1,53,1,seedling,<0.25,4,1,FLOFLO,N/a
Cyrtandra_wainihaensis,1,54,1,seedling,<0.25,4,1,FLOFLO,N/a
Cyrtandra_wainihaensis,1,55,1,seedling,<0.25,4,1,FLOFLO,N/a
Cyrtandra_wainihaensis,1,56,1,seedling,<0.25,4,1,FLOFLO,N/a
Cyrtandra_wainihaensis,1,57,1,seedling,<0.25,4,1,FLOFLO,N/a
Cyrtandra_wainihaensis,1,58,1,seedling,<0.25,4,0,NM,N/a
Cyrtandra_wainihaensis,1,59,1,seedling,<0.25,4,0,NM,N/a
Cyrtandra_wainihaensis,1,60,1,seedling,<0.25,4,0,NM,N/a
Cyrtandra_wainihaensis,1,61,1,seedling,<0.25,4,0,NM,N/a
Cyrtandra_wainihaensis,1,62,1,seedling,<0.25,4,0,NM,N/a
Cyrtandra_wainihaensis,1,63,1,seedling,2.5,4,0,NM,N/a
Cyrtandra_wainihaensis,1,64,1,seedling,2.5,4,0,NM,N/a
Cyrtandra_wainihaensis,1,66,1,seedling,4,4,0,NM,N/a
Cyrtandra_wainihaensis,1,67,1,seedling,4,4,0,NM,N/a
Cyrtandra_wainihaensis,1,68,1,seedling,1,4,4,THUCYM,N/a
Cyrtandra_wainihaensis,1,69,1,seedling,1,4,4,THUCYM,N/a
Cyrtandra_wainihaensis,1,70,1,seedling,1,4,4,THUCYM,N/a
Cyrtandra_wainihaensis,1,71,1,seedling,1,4,4,THUCYM,N/a
Cyrtandra_wainihaensis,1,72,1,seedling,1,4,4,THUCYM,N/a
Cyrtandra_wainihaensis,1,73,1,seedling,1,4,4,THUCYM,N/a
Cyrtandra_wainihaensis,1,74,1,seedling,1,4,4,THUCYM,N/a
Cyrtandra_wainihaensis,1,77,1,seedling,<0.25,4,0,NM,N/a
Cyrtandra_wainihaensis,1,78,1,seedling,<0.25,4,0,NM,N/a
Cyrtandra_wainihaensis,1,79,1,seedling,<0.25,4,0,NM,N/a
Cyrtandra_wainihaensis,1,80,1,seedling,<0.25,4,0,NM,N/a
Cyrtandra_wainihaensis,1,81,1,seedling,<0.25,4,0,NM,N/a
Cyrtandra_wainihaensis,1,82,1,seedling,<0.25,4,0,NM,N/a
Cyrtandra_wainihaensis,1,83,1,seedling,<0.25,4,0,NM,N/a
Cyrtandra_wainihaensis,1,84,1,seedling,<0.25,4,0,NM,N/a
Cyrtandra_wainihaensis,1,85,1,seedling,<0.25,4,0,NM,N/a
Cyrtandra_wainihaensis,1,86,1,seedling,<0.25,4,0,NM,N/a
Cyrtandra_wainihaensis,1,87,1,seedling,<0.25,4,0,NM,N/a
Cyrtandra_wainihaensis,1,88,1,seedling,<0.25,4,0,NM,N/a
Cyrtandra_wainihaensis,1,89,1,seedling,<0.25,4,0,NM,N/a
Cyrtandra_wainihaensis,1,90,1,seedling,<0.25,4,0,NM,N/a
Cyrtandra_wainihaensis,1,91,1,seedling,<0.25,4,0,NM,N/a
Cyrtandra_wainihaensis,1,92,1,seedling,<0.25,4,0,NM,N/a
Cyrtandra_wainihaensis,1,93,1,seedling,<0.25,4,0,NM,N/a
Cyrtandra_wainihaensis,1,94,1,seedling,<0.25,4,0,NM,N/a
Cyrtandra_wainihaensis,1,95,1,seedling,<0.25,4,0,NM,N/a
Cyrtandra_wainihaensis,1,96,1,seedling,<0.25,4,0,NM,N/a
Cyrtandra_wainihaensis,1,97,1,seedling,<0.25,4,0,NM,N/a
Cyrtandra_wainihaensis,1,98,1,seedling,<0.25,4,0,NM,N/a
Cyrtandra_wainihaensis,1,99,1,seedling,<0.25,4,0,NM,N/a
Cyrtandra_wainihaensis,1,100,1,seedling,<0.25,4,0,NM,N/a
Cyrtandra_wainihaensis,1,101,1,seedling,<0.25,4,0,NM,N/a
Cyrtandra_wainihaensis,1,102,1,seedling,<0.25,4,0,NM,N/a
Cyrtandra_wainihaensis,1,103,1,seedling,<0.25,4,2,FLOFLO,N/a
Cyrtandra_wainihaensis,1,104,1,seedling,<0.25,4,2,FLOFLO,N/a
Cyrtandra_wainihaensis,1,105,1,seedling,<0.25,4,2,FLOFLO,N/a
Cyrtandra_wainihaensis,1,106,1,seedling,<0.25,4,2,FLOFLO,N/a
Cyrtandra_wainihaensis,1,107,1,seedling,<0.25,4,2,FLOFLO,N/a
Cyrtandra_wainihaensis,1,108,1,seedling,<0.25,4,2,FLOFLO,N/a
Cyrtandra_wainihaensis,1,109,1,seedling,<0.25,4,2,FLOFLO,N/a
Cyrtandra_wainihaensis,1,110,1,seedling,<0.25,4,2,FLOFLO,N/a
Cyrtandra_wainihaensis,1,111,1,seedling,<0.25,4,2,FLOFLO,N/a
Cyrtandra_wainihaensis,1,112,1,seedling,<0.25,4,2,FLOFLO,N/a
Cyrtandra_wainihaensis,1,113,1,seedling,<0.25,4,2,FLOFLO,N/a
Cyrtandra_wainihaensis,1,114,1,seedling,<0.25,4,2,FLOFLO,N/a
Cyrtandra_wainihaensis,1,115,1,seedling,<0.25,4,2,FLOFLO,N/a
Cyrtandra_wainihaensis,1,116,1,seedling,<0.25,4,2,FLOFLO,N/a
Cyrtandra_wainihaensis,1,117,1,seedling,<0.25,4,2,FLOFLO,N/a
Cyrtandra_wainihaensis,1,119,1,seedling,<0.25,4,0,NM,N/a
Cyrtandra_wainihaensis,1,123,1,seedling,18,4,4,THUCYM,Bushy thucym
Cyrtandra_wainihaensis,1,127,1,seedling,0.25,4,4,THUCYM,N/a
Cyrtandra_wainihaensis,1,144,1,seedling,2,4,3,CLASPP,N/a
Cyrtandra_wainihaensis,1,145,1,seedling,1,4,1,THUCYM,N/a
Cyrtandra_wainihaensis,1,147,1,seedling,1,4,4,THUCYM,N/a
Cyrtandra_wainihaensis,1,148,1,seedling,1.5,4,4,CLASPP,N/a
Cyrtandra_wainihaensis,1,154,1,seedling,<0.25,4,0,NM,N/a
Cyrtandra_wainihaensis,1,155,1,seedling,<0.25,4,0,NM,N/a
Cyrtandra_wainihaensis,1,156,1,seedling,<0.25,4,0,NM,N/a
Cyrtandra_wainihaensis,1,157,1,seedling,<0.25,4,0,NM,N/a
Cyrtandra_wainihaensis,1,158,1,seedling,<0.25,4,0,NM,N/a
Cyrtandra_wainihaensis,1,159,1,seedling,<0.25,4,0,NM,N/a
Cyrtandra_wainihaensis,1,160,1,seedling,<0.25,4,0,NM,N/a
Cyrtandra_wainihaensis,1,161,1,seedling,<0.25,4,0,NM,N/a
Cyrtandra_wainihaensis,1,162,1,seedling,<0.25,4,3,THUCYM,162-182 all in same area
Cyrtandra_wainihaensis,1,163,1,seedling,<0.25,4,3,THUCYM,162-182 all in same area
Cyrtandra_wainihaensis,1,164,1,seedling,<0.25,4,3,THUCYM,162-182 all in same area
Cyrtandra_wainihaensis,1,165,1,seedling,<0.25,4,3,THUCYM,162-182 all in same area
Cyrtandra_wainihaensis,1,166,1,seedling,0.5,4,4,RICSPP,162-182 all in same area
Cyrtandra_wainihaensis,1,167,1,seedling,0.5,4,4,THUCYM,162-182 all in same area
Cyrtandra_wainihaensis,1,168,1,seedling,0.5,4,4,THUCYM,162-182 all in same area
Cyrtandra_wainihaensis,1,169,1,seedling,0.5,4,4,THUCYM,162-182 all in same area
Cyrtandra_wainihaensis,1,170,1,seedling,0.5,4,4,THUCYM,162-182 all in same area
Cyrtandra_wainihaensis,1,171,1,seedling,0.5,4,4,THUCYM,162-182 all in same area
Cyrtandra_wainihaensis,1,172,1,seedling,0.5,4,4,THUCYM,162-182 all in same area
Cyrtandra_wainihaensis,1,173,1,seedling,0.5,4,4,THUCYM,162-182 all in same area
Cyrtandra_wainihaensis,1,174,1,seedling,0.5,4,4,THUCYM,162-182 all in same area
Cyrtandra_wainihaensis,1,175,1,seedling,0.5,4,4,THUCYM,162-182 all in same area
Cyrtandra_wainihaensis,1,176,1,seedling,0.5,4,4,THUCYM,162-182 all in same area
Cyrtandra_wainihaensis,1,177,1,seedling,0.5,4,4,THUCYM,162-182 all in same area
Cyrtandra_wainihaensis,1,178,1,seedling,0.5,4,4,THUCYM,162-182 all in same area
Cyrtandra_wainihaensis,1,179,1,seedling,0.25,4,2,RICSPP,162-182 all in same area
Cyrtandra_wainihaensis,1,180,1,seedling,0.25,4,2,RICSPP,162-182 all in same area
Cyrtandra_wainihaensis,1,181,1,seedling,0.25,4,2,RICSPP,162-182 all in same area
Cyrtandra_wainihaensis,1,182,1,seedling,0.25,4,2,RICSPP,162-182 all in same area